{
  "config": {
    "hidden_size": 32,
    "num_experts": 4,
    "top_k": 2,
    "num_tokens": 16
  },
  "routing_stats": {
    "expert_utilization": [
      0.21875,
      0.21875,
      0.21875,
      0.34375
    ],
    "load_variance": 0.0029296875,
    "average_entropy": 1.3803097854921318
  },
  "sample_outputs": [
    [
      0.05281422374549412,
      0.04369738132874153,
      0.0,
      0.12036707891359996,
      0.1752117244928033,
      0.04344638233703491,
      0.09281401333869053,
      0.10977266256220447,
      0.15366567809031928,
      0.0977468194142247,
      0.1072028404690988,
      0.05604666587141465,
      0.09205534411261604,
      0.03575529617079886,
      0.06131512540712295,
      0.10666732869362044,
      0.0174791117890259,
      0.0017194113340097607,
      0.034594185673051406,
      0.045692022899685235,
      0.0,
      0.0,
      0.0,
      0.09093755085030071,
      0.07461465983873912,
      0.0,
      0.0,
      0.01914518026923701,
      0.06983479631589126,
      0.05241999969081016,
      0.033415959020424095,
      0.03225776229052514
    ],
    [
      0.009082216886553586,
      0.08461235060642808,
      0.049989047956618876,
      0.16314665903267822,
      0.02348338942622003,
      0.026556379290697745,
      0.014574219487904782,
      0.017492770471842698,
      0.0,
      0.020892111646450735,
      0.07368820167855779,
      0.0,
      0.060594142459129176,
      0.027962964736163082,
      0.1201203489373907,
      0.06647364733734216,
      0.05937820150732297,
      0.06724156799103403,
      0.12536818277802067,
      0.06941340584489147,
      0.0,
      0.0,
      0.020710931066688743,
      0.03287210214227875,
      0.02243629252513587,
      0.06818102277204288,
      0.11106748935648864,
      0.03253737599979888,
      0.10866951804497119,
      0.05541725935811003,
      0.050009847432696986,
      0.053012137576145854
    ],
    [
      0.14153256743145062,
      0.07648468171636269,
      0.058791210563117056,
      0.06460666815605977,
      0.025090963570268906,
      0.007849302056901222,
      0.06328548354082858,
      0.038106999340340036,
      0.05013340213121825,
      0.05902893604497624,
      0.024060131583202086,
      0.07064464164136196,
      0.0,
      0.032652415173499684,
      0.016493334455725456,
      0.11620788085562343,
      0.07889418420073421,
      0.07585944613618933,
      0.03110316147243099,
      0.0,
      0.030987132732973533,
      0.0030516067767223758,
      0.0,
      0.0,
      0.034212704313274785,
      0.0,
      0.0,
      0.01950142027565167,
      0.09201174473040358,
      0.004284734131452412,
      0.0,
      0.13237912106589916
    ],
    [
      0.16905728781091717,
      0.11328923181528507,
      0.062393993731799026,
      0.08069649077457845,
      0.1205668762136369,
      0.0,
      0.044667958550401926,
      0.0,
      0.04506290600841474,
      0.06611558109776289,
      0.0,
      0.10098910536909207,
      0.1231423245529761,
      0.05412188098443386,
      0.049850127238018196,
      0.05099804384536878,
      0.0665481203557115,
      0.030222830690737723,
      0.0498875291763448,
      0.11115018052405697,
      0.0,
      0.05207574281721695,
      0.02201633839439448,
      0.0,
      0.06825820991286696,
      0.14126731531207815,
      0.11670538405904726,
      0.0,
      0.0,
      0.12370479865224965,
      0.0,
      0.18496451138435993
    ],
    [
      0.0,
      0.08541288596779993,
      0.06138631589489875,
      0.0,
      0.018516568326017915,
      0.0,
      0.06454646355912302,
      0.027583687983898954,
      0.018700721018813458,
      0.002401288099441363,
      0.11234820065293084,
      0.1329273902676565,
      0.0,
      0.07392555733442452,
      0.0,
      0.06171495830169756,
      0.07239312057136141,
      0.13146178593050373,
      0.01851559359610899,
      0.014848092391949327,
      0.0,
      0.02198217031659564,
      0.07622588947777569,
      0.02966985122127072,
      0.06420866534629131,
      0.06018184975420339,
      0.024753706780503128,
      0.09972168052022728,
      0.0,
      0.0023365729307170424,
      0.07349222404413014,
      0.09323275425586254
    ]
  ],
  "generation": 1,
  "status": "working"
}